"U_24,d","I_m,A","B, mT",dA,dB,"U, nV",dU,u real talk
1,0.23,316.02458,0.01,42.294667,120,20,-120
5,0.40,516.41733,0.01,44.801801,280,20,-280
6,0.56,668.31332,0.01,47.505206,320,20,-320
8,0.65,744.20406,0.01,49.028064,400,20,-400
10,0.81,867.128,0.01,51.680982,480,20,-480
12,1.01,1004.7509,0.01,54.869905,560,20,-560
12,1.22,1135.2441,0.01,58.061898,560,20,-560
