"U_24,d","I_m,A","B, mT",dA,dB,"U, nV",dU,u real talk
1,0.23,316.02458,0.01,42.294667,280,20,-280
6,0.40,516.41733,0.01,44.801801,480,20,-480
9,0.55,659.51538,0.01,47.335241,600,20,-600
11,0.65,744.20406,0.01,49.028064,680,20,-680
15,0.81,867.128,0.01,51.680982,840,20,-840
18,1.00,998.213,0.01,54.713962,960,20,-960
20,1.21,1129.298,0.01,57.913390,1040,20,-1040
