"U_24,d","I_m,A","B, mT",dA,dB,"U, nV",dU,u real talk
7,0.17,227.84030,0.01,41.829104,120,20,-120
6,0.34,451.71333,0.01,43.829992,160,20,-160
5,0.51,623.49715,0.01,46.655055,200,20,-200
5,0.62,719.52732,0.01,48.522224,200,20,-200
4,0.86,902.99528,0.01,52.492015,240,20,-240
4,1.08,1049.6383,0.01,55.951312,240,20,-240
3,1.23,1141.1660,0.01,58.210067,280,20,-280
