"U_24,d","I_m,A","B, mT",dA,dB,"U, nV",dU,u real talk
2,0.23,316.02458,0.01,42.294667,240,20,-240
5,0.40,516.41733,0.01,44.801801,360,20,-360
8,0.55,659.51538,0.01,47.335241,480,20,-480
10,0.65,744.20406,0.01,49.028064,560,20,-560
13,0.81,867.128,0.01,51.680982,680,20,-680
15,1.00,998.213,0.01,54.713962,760,20,-760
17,1.21,1129.298,0.01,57.913390,840,20,-840
