"U_24,d","I_m,A","B, mT",dA,dB,"U, nV",dU,u real talk
-2,0.20,273.59294,0.01,42.003718,280,20,-280
6,0.40,516.41733,0.01,44.801801,600,20,-600
10,0.54,650.63709,0.01,47.165212,760,20,-760
13,0.65,744.20406,0.01,49.028064,880,20,-880
19,0.81,867.128,0.01,51.680982,1120,20,-1120
22,1.00,998.213,0.01,54.713962,1240,20,-1240
25,1.21,1129.298,0.01,57.913390,1360,20,-1360
