"U_24,d","I_m,A","B, mT",dA,dB,"U, nV",dU,u real talk
-4,0.20,273.59294,0.01,42.003718,280,20,-280
4,0.40,516.41733,0.01,44.801801,600,20,-600
10,0.55,659.51538,0.01,47.335241,840,20,-840
13,0.65,744.20406,0.01,49.028064,960,20,-960
18,0.8,859.82288,0.01,51.517693,1160,20,-1160
22,1.00,998.213,0.01,54.713962,1320,20,-1320
25,1.21,1129.298,0.01,57.913390,1440,20,-1440
