"I, A","k, нВ/мТл",dk,dA
0.2,-0.263903,0.0179,0.01
0.4,-0.52265,0.01525,0.01
0.6,-0.751762,0.008758,0.01
0.81,-0.936119,0.009926,0.01
1.03,-1.21608,0.01989,0.01
1.16,-1.28902,0.02295,0.01
