2X_s,2Y_s,"K_x, mV","K_y, mV","I,mA","U, mV",koefx,koefy,"U_x, mV","U_y, mv",dUx,dUy,"B, mT",dB,dI,H,dH
5.4,5.8,5,10,131,606,2.8,2.8,75.6,162.4,0.28,0.28,2849.1228,4.9122807,5,19.699248,0.75187970
4.5,5.0,5,10,119,609,2.8,2.8,63.,140.,0.28,0.28,2456.1404,4.9122807,5,17.894737,0.75187970
4.2,6.4,5,5,106,610,2.8,2.8,58.8,89.6,0.28,0.28,1571.9298,4.9122807,5,15.939850,0.75187970
3.7,3.7,5,5,93,609,2.8,2.8,51.8,51.8,0.28,0.28,908.77193,4.9122807,5,13.984962,0.75187970
3.2,2.6,5,5,84,610,2.8,2.8,44.8,36.4,0.28,0.28,638.59649,4.9122807,5,12.631579,0.75187970
3.0,1.5,5,5,72,610,2.8,2.8,42.,21.,0.28,0.28,368.42105,4.9122807,5,10.827068,0.75187970
2.6,1.0,5,5,62,609,2.8,2.8,36.4,14.,0.28,0.28,245.61404,4.9122807,5,9.3233083,0.75187970
